repL,impL,gsqr11,gsqr22,gsqr33,gsqr44
1415.8983527807761,70.04524274710354,3.042752346072072,1.9155407585518358,0.6314169676471996,0.7293931858959584
1400.1480502142063,29.250361113942944,3.0968485188747814,2.8984147978598105,1.0321720090575779,0.6984557874209371
1390.180624275342,16.237194898236528,3.238094330786203,3.0025162836130677,0.9858039935110391,0.7147420116965303
1398.655245524904,28.132609136894917,3.021515899132086,2.7440330742161843,0.9422976391869484,0.6804641540303046
1414.100231970764,28.268432623313437,3.4136814176180557,4.044080828718391,1.7349882136138748,0.7700199874173795
1411.7687075146084,59.33387497526118,3.103610057755935,2.13567609972149,0.7104217974448405,0.735822048225295
1411.9115122274031,64.57510908863755,3.116204190824701,2.0738801431071248,0.7005734295932922,0.7406935055804554
1391.6129602451388,25.978733413442406,2.999939600452916,2.239517499118093,0.6031878590482301,0.6832298599118313
1369.2728236259272,2.0115909178186966e-9,3.5094518498877214,2.8970902294825156,0.7748502296269703,0.7351159264868024
1416.1670148602168,79.51390817174574,3.230900040686022,2.142413912865332,0.8884590218854359,0.7615696773361235
1399.9507391730076,24.090125181592523,3.0246278194855662,3.128629923722798,1.1736095628463032,0.6710398101129815
1408.8402396822505,25.742174215707426,3.2110870507640743,3.8004363847381035,1.5926884254144764,0.7173601722886673
1392.0723152226967,21.053177816211075,3.093964546080498,2.7385009598129697,0.8783546737479576,0.6903798411309295
1387.0544073865947,7.051948482856776,4.184839447357945,3.8024958681046015,1.1950103362238618,0.9125474505747827
1371.929926272245,1.9495284572660157e-8,3.7247560068251127,2.780652073914484,0.6491675969175805,0.795913271755526
1398.4283825040936,32.91131054103186,3.1010729141037254,2.630230345945355,0.8717902685055496,0.7075160488379358
1371.1741755119224,2.33171258519284e-12,3.437680806998817,2.8017857367529,0.7415628342189095,0.7214077652633236
1407.028191146326,25.93704026834476,3.253542234922378,3.764793928026042,1.5548467496173068,0.7277614543240022
1391.5007575227978,17.441902649159594,3.16923863395737,3.020679384443867,1.0221045461926397,0.6991500190155607
1396.6186778791869,32.36626852711199,2.8823828406327765,2.1016211808338223,0.5746688196279902,0.663201930305194
1414.4279911819085,68.16791202110623,3.0421990288739025,1.9280427356772176,0.6281644912682672,0.7281958638206563
1388.7324785528594,16.88872401348492,3.2352037726893412,2.683890700969787,0.7870101392776081,0.7213476540896724
1402.441499666572,24.234824519167418,3.175648687476828,3.557469150037193,1.417532596336782,0.7067572976949849
1409.7012663635167,55.148305705689815,3.045504181509263,2.1029115168398462,0.6686431912001704,0.7205529336403851
1410.1056064650388,55.56825165865023,3.0157155343689066,2.050806612805087,0.6401802394918618,0.714823830982416
1385.7752739638506,6.013902633626118,4.788471690206212,4.414842808098368,1.4007226805902597,1.0480971565715576
1407.8458856080958,23.740924326530493,3.2247334700226915,4.0130461744447885,1.7119025183491188,0.7205441518795043
1375.8440807533202,1.9034684281835426e-6,3.6973819359377194,3.7090492345885098,1.2366724084294813,0.7655142465008273
1403.3643369690758,34.74197061642884,3.0780147445485584,2.693059613943213,0.9367522844565364,0.7025656300803748
1421.4703574462717,67.52826827150668,3.472208650388705,2.606464394579565,1.1123753381240638,0.8191092690517694
1367.316369552286,6.826042886449524e-11,3.40875342881611,2.501576334509034,0.555552077493639,0.7209563739234282
1419.0275095594072,57.390660665729285,3.5586994912357217,2.8399177751453304,1.1415057465062088,0.8374375338024644
1397.8624630980837,34.133169718560936,2.8894479380754485,2.1200451403064497,0.5935133366453683,0.6661163247324723
1405.3222807254292,45.797652996300556,3.0365750692787583,2.2502127486766406,0.7129268397240776,0.7094432284816046
1407.3482367114418,49.93220712993357,2.985747407723661,2.0889369434808165,0.6379683092878232,0.7033098167186707
1397.6454204538825,22.693976029183357,3.1838683701457318,3.3736827346915073,1.2771785127598685,0.7077668033220138
1396.4058598113675,28.118678986224534,2.8663758918530906,2.2463638502736853,0.6560652212745678,0.6513525956633919
1386.2412456190762,9.427527175263307,3.782781676948422,2.8285331262986895,0.7067530057929162,0.8428956831992793
1392.3715997156378,25.27683185564827,2.925766600080757,2.1371283128078544,0.555812945586034,0.6664415194637426
1402.5443856502136,32.04361528232186,3.177691242854216,2.9744231603442595,1.0822516725431133,0.7208097043079372
1414.6807090963425,51.45434761030764,3.6129610756753223,3.0167782866395694,1.191171471132883,0.8449094326939693
1417.8990121495103,65.95268555501607,3.3259797867673093,2.395339119029947,0.9307979029608949,0.7869416979453675
1411.65561639726,57.19704669017288,3.0757061149164366,2.131343237415621,0.6976682451027109,0.7286619757313094
1390.1927044290753,19.592469376749953,3.0866760252833827,2.49167338395852,0.7166825386527855,0.6917736971304522
1403.0424541946231,44.987858316817636,3.1471338760621945,2.408336843925148,0.7904731318145706,0.7325373318191187
1405.9884798580044,37.27811076165863,3.1507413964440443,2.766049390155384,0.9872879522343404,0.7222412991011307
1377.8507334756634,2.105126647680049e-10,5.198938462659876,4.076695990340483,1.0503325116139492,1.1306344286925336
1365.0194251819412,6.479792855442531e-10,3.1285972194953775,2.5343678645534933,0.6503317262491042,0.6461114062123604
1405.7809907752778,24.010111043718002,3.1012738003704747,3.6509441364281843,1.5044175056091647,0.6881102489075178
1403.8100588405744,41.047885895989396,3.0902190757378993,2.4594225764335564,0.8140434424715324,0.7151543940751856
1404.4834756925134,34.08464787412246,3.301996334108895,3.119314306030497,1.1649640900100133,0.7523331312196726
1410.246006364294,29.83712748859694,3.673162753961688,4.1427202318119685,1.7366911714577538,0.8339681526210299
1387.5978420533638,6.866777459892185,4.2815555698357874,4.339052933661419,1.4978517366319428,0.9280360016961426
1396.1814389098897,21.774930315226026,3.03762714688751,3.0280788190171073,1.0876214311199712,0.6724064778833754
1417.902105995187,56.11378051951598,3.5012914402651947,2.786353577991439,1.0954936290720225,0.8234061208724748
1405.0271625775863,49.80899060671798,3.0732060029058075,2.1994601642282126,0.6942542690954212,0.7214576133692004
1388.8940619723237,5.005133303887786,4.483689247682518,4.875284903663857,1.7727901391963516,0.95750305415759
1414.5118743430585,56.380646296976444,3.2929253178675246,2.4858492222502155,0.9111829384482728,0.7755923186795706
1379.6943916114462,3.8410527481504446e-11,5.116660331673785,4.754393999361014,1.4934054771459129,1.0947569071951173
1417.8798188561732,71.26769607262725,3.1514213754025615,2.08079645130831,0.7541030855322902,0.7515158499212551
1413.8849726857156,63.04660217900639,3.33723960738543,2.42980853981247,0.9255650572450739,0.7869296362049749
1402.0734193787875,44.58063491436729,3.1465939632061346,2.398825026430461,0.7804293673098219,0.7321061987923929
1421.9603722494292,79.91169968715181,3.277300070199084,2.262523470153008,1.018769700073563,0.7712741095923095
1385.5354259016221,5.754740295004091,4.907799424562399,4.45866930412017,1.3941135769382784,1.075511199271414
1400.9520311759793,20.10540062548886,2.9941525184382,3.563199165484682,1.4423632679245753,0.6563886741290335
1400.0181185838094,37.77757167437818,2.9487659031764437,2.205693182257918,0.654455243895104,0.6821033686321207
1403.526704234364,47.94783989665495,3.1780201198266966,2.386692375762992,0.789549186162936,0.7420874932704902
1395.2600102603656,16.613626092383768,3.0216217115120387,3.3462158803785185,1.270311492346473,0.6568454129639003
1393.29327567662,14.926144049494717,3.0533033195087103,3.2272055673858975,1.1780493097992426,0.661864835533249
1365.2107598162306,4.725108947124454e-9,3.1401460557065985,2.7996054503459087,0.8102986895527059,0.6405325949011597
1411.9021546126776,73.43296661993062,3.195472123314028,2.0999129198844417,0.7857739072495701,0.7561242231168879
1422.1182841718564,75.29883400641282,3.24764595511531,2.2059548322155784,0.8861858307986249,0.7718950931661863
1397.2718961380494,28.406507393094653,3.133283901211809,2.858706837690931,0.9873694845375245,0.7074291680955901
1391.29218882749,19.1884400930059,2.9767140205628317,2.363141374551934,0.6657628173563502,0.6663018271504227
1414.4977107324794,69.03390977325884,3.0116526935573122,1.8676505168101034,0.5930917828192458,0.7226818944431771
1402.8036809649695,42.63291494291686,3.1653498984002626,2.5035497477013906,0.8359909651954661,0.7338893269583827
1387.6781918005092,14.882136783952033,3.3025370261538556,2.5748995894207405,0.6939584805845309,0.7379365699724604
1409.4468007725834,46.586515075131075,3.2622421549041,2.6405185003777083,0.944507066347095,0.7596327603360095
1401.638899895819,36.95079226720502,2.8924988435345194,2.1868733137595866,0.6533949811260403,0.6679524733174459
1395.4482629699273,19.128123158227627,3.0176412169589417,3.122548782121506,1.1406946467994565,0.6621108458966454
1413.3934409561125,72.13196040018902,3.0335687256579007,1.8602089067378926,0.604407959921859,0.7271411725119308
1422.4160634113855,29.599116627102767,3.864661500232539,4.7770788921186105,2.155908753717125,0.8862569519698266
1374.5751894291107,2.642839036855367e-7,3.766866731428518,3.3102306695114545,0.9697944825629595,0.7916224783282954
1408.1657286658765,42.62389295777351,3.461275792906209,3.0318793606027854,1.1401972456533793,0.8005887482911627
1394.6950389174526,32.323058580868015,2.979011459425732,2.2120305918897443,0.619978712572241,0.6845800739385106
1369.2201018003163,4.3816134466891955e-9,3.6728092848841123,2.814704622700227,0.6778985571421342,0.7791468661928249
1410.5301734551567,63.5195049638127,3.1175223519719832,2.079825903900104,0.696706973268374,0.7401168691502393
1411.8464336280472,37.65176573598616,3.8400013689951398,3.819986691236434,1.5542573375468367,0.8833110675698396
1413.2734359762865,23.16460278454846,3.163405084286596,4.271471287175712,1.9108039871462807,0.7133753728555661
1393.3301798199216,23.721138986301828,2.9081820848717013,2.2739127800564116,0.6436842913737792,0.6565926662842745
1399.7358929571797,33.28200791962345,3.0113544112443136,2.5044185254430626,0.8147349146080209,0.6875913711121169
1410.478413893486,38.33358499117164,3.8703944282598903,3.796492201708482,1.5358481722366428,0.8914593618872337
1407.9553219678248,43.814087148524536,3.511302143762201,3.0517195771871757,1.1534267504414875,0.8134280154665577
1418.4705094221376,40.227685001799294,4.709020267139261,4.799781583499396,2.071002907800976,1.0937257267777885
1388.1806220199408,12.288500936732502,3.4634198107885847,3.096273139479058,0.9685993061610038,0.7617603094851328
1413.294467821352,76.98261943361368,3.0329678279943915,1.811731290554624,0.599750189614625,0.7274085703968115
1388.7269431639756,12.589870609489374,3.3035582231065175,2.771178548101503,0.812332669672234,0.7288062284323251
1410.2030252684624,57.91584430281256,3.380256953395476,2.5449194046189825,0.9531124095335682,0.7934755141787764
1365.0207849787969,8.77243107879136e-7,3.0925520801263473,2.9833764879917886,0.9358891791120416,0.6231457427727638
1393.1969654159655,19.057198017730208,3.013652434936809,2.805789756680763,0.9374239518304115,0.6654972132851155
1395.403217055295,29.131574208623178,2.9888272690171864,2.412394708689201,0.7346907723840624,0.6796119630179299
1396.4871969598885,34.72888066759077,3.0598318174355197,2.3911256073214755,0.7310777254356985,0.7030813847937323
1386.8222450596058,13.322090884613575,3.4951800262100914,2.847978842265452,0.8061239950392473,0.7775616973859877
1391.685302144213,22.60152525475773,3.0970655701192626,2.6278660569734735,0.8125218814810657,0.6953842646260618
1369.1144799918557,1.1216718471664198e-6,3.2001833445319354,2.8848812203575998,0.8553566343684186,0.6565331748891766
1407.5831439570043,47.64484716580901,3.062511075904433,2.2816294783392057,0.7422335771287157,0.7168554767366068
1407.8164602506115,48.07463978463946,3.0281624066616977,2.217750860523693,0.7080157816413664,0.7100293354101301
1385.8701913556138,7.617749880630145,4.134344393904496,3.1575432393712846,0.8100008853261212,0.9180081992695914
1391.1529726109154,21.096388724670366,3.048265824956756,2.489525859501664,0.7317348924438923,0.6839661480645356
1388.2667669352697,5.453110248671469,4.341019325601859,4.225106404021401,1.413513912389556,0.9337074851718115
1387.878835885913,11.816939481961752,3.498067073644175,3.0619176960521424,0.9363125453155433,0.770091838452691
1389.3013676774897,16.795499050069328,3.1056010171048283,2.3898005286889177,0.6388137286111802,0.6954253102592792
1399.604485897748,23.778581643306257,3.0798262268742422,3.235918326441617,1.2259851081176656,0.6837276059655207
1415.6605537979924,76.68709412381908,3.048417809149853,1.8536499180718853,0.6285696705076711,0.7312060546459234
1413.2911502139852,75.12197340561598,3.145801750135712,2.013642982777513,0.7349428789349772,0.7475208405872426
1402.7815439573696,38.116483559986214,3.329843163068984,2.919376713141679,1.0498837306800868,0.7652189427335487
1407.3471747520898,44.81597613195409,3.087406742684116,2.4024409127049546,0.8026521981631145,0.718855336509209
1397.5195123421267,31.794436615526976,3.131807228633056,2.6957500127301253,0.899827233154101,0.7130760841722042
1413.2548008859992,24.914794330684824,3.252328629783306,4.166685498900812,1.830987387836654,0.7312634728067797
1394.2474634796085,23.004981192636013,2.9312422455941203,2.4885396049728907,0.7732460092085768,0.6563441552430066
1407.8128627118756,51.84222999533278,3.0418236178565263,2.1441514056445916,0.676647859723156,0.7168010758400563
1416.924668735677,74.97108996018844,3.06544938738743,1.9042650144719586,0.6541027588987461,0.7348399908281398
1409.528270298006,39.84772306325397,3.1841782510773453,2.7796352343621433,1.0102478294170951,0.7331181399412066
1395.6291459290505,29.791209479085005,2.9725968510890994,2.3614166533966587,0.7089025422045667,0.677275489240474
1415.6973591402343,77.64736182877608,3.259600547350244,2.1986329754907983,0.915929368145919,0.7673459963079738
1412.171264662568,57.30909180525427,3.124750213446706,2.20884106602642,0.7456888295257307,0.7391272616552659
1391.9601751161365,20.178980419302352,3.0773460810187117,2.724327334866811,0.8705371857173899,0.685131800438056
1405.351476535143,35.290619703592924,3.297732296486013,3.0724362413498216,1.144435513845808,0.7529967473396977
1388.7836678837173,11.084534829967819,3.4143472480673145,3.048989615483051,0.9514761924297384,0.7469686038295312
1408.4196645723378,31.994851974145355,3.496749497864568,3.654890565807064,1.4679372618363795,0.794106104647471
1416.3760749126616,75.19180965037131,3.141379563498676,2.0203461099212143,0.7405199393487206,0.7484964187361647
1415.2216809294903,25.782837827835433,3.2915515229728234,4.192655910234175,1.850957775188871,0.7417856595480568
1409.6936396177282,32.14736930031971,3.228634620361183,3.2854245756465663,1.290855292855367,0.7301756802031593
1390.2234551879358,17.257242620057706,3.1385169520224707,2.708241887507425,0.8318507342868454,0.696630785483941
1410.5627768583145,49.23990979415469,3.59853486871799,3.0247557554277553,1.1728863559645102,0.8386720171468711
1403.21627215227,51.62501328953007,3.0918439113967873,2.1594129818612413,0.6729060678308477,0.726872213371733
1411.105104772087,39.53785663062725,3.3651104241203598,3.081336494523763,1.1747792653293063,0.774145053836507
1393.085594165755,23.85672437573599,2.919297066065834,2.268715984860415,0.6375522604585823,0.6597285212768926
1365.1892309256966,1.8999063829891472e-6,3.1594510340250492,2.3487933891067763,0.5276025738652182,0.6609551507837217
1410.5541967039846,63.947753473550215,3.144722296419718,2.115882481339012,0.72263791058964,0.7457116679803397
1416.7414921419581,50.349537344948885,4.039163451786656,3.5839702483570552,1.51385187919414,0.944237582293263
1387.7236179464965,4.599219268694241,4.802932476228709,4.656063909204932,1.549491123765302,1.0351385520930665
1389.751828991532,24.146605409284646,3.1088897855736493,2.376894537045769,0.6530209260879425,0.7055772123146429
1418.4298761687494,59.2744925188139,3.407721617037196,2.607125205719285,1.010961075659914,0.8039544941588802
1386.967334331419,10.962749123975263,3.5751026589765478,2.829598590878212,0.7681949078381293,0.7933333069820888
1405.0058250866728,31.38448488224575,3.4412752515675287,3.510495137526135,1.373260822614572,0.7808065632638137
1409.0882395664562,49.523661883841235,3.4491217207980776,2.8075683602305075,1.0488001820488642,0.8043677695314875
1413.6747056907836,68.24819177413097,3.1372445515439646,2.0708799082937173,0.7236145665503211,0.7464088133722918
1376.8233403704937,1.661232991886062e-10,4.977210558116924,3.7728059299084546,0.9223049450105906,1.0837004561859298
1403.681347987863,42.930048341853336,3.01273602989394,2.2605754606497865,0.7072577098852246,0.7011483901906056
1386.025044987049,9.85380092088611,3.7685717470869466,2.815242413737182,0.7028255798343066,0.8406606045602468
1421.4383380568447,55.619516292035975,3.913213550753076,3.33558862862273,1.4429711509325651,0.9195438195016136
1391.3748802316252,19.569956725983793,3.0861603127257156,2.6878030449199306,0.8421122869836323,0.687228173819932
1405.6945940973374,51.630112695514505,3.269671503130969,2.4690374521412655,0.8586247953662496,0.7650419795300657
1385.470344599072,8.8571730750179,4.153400754839802,3.607048739116357,1.082608413587972,0.9166752743507155
1368.7583041322355,3.9743216507549806e-7,3.1899907040674407,2.714475608113208,0.7526413703585803,0.6590946693597217
1407.0410865775098,65.22067522462507,3.105244346481356,2.0081103184009303,0.6571266846257232,0.7368970974173177
1410.6071469565904,32.80435618031732,3.6022785847379337,3.8028280648847343,1.552635230207607,0.8201443237851128
1393.4211672185202,22.632378417777577,2.9513867550975093,2.4628179208627192,0.7490230571193192,0.661665560474204
1406.4264994263174,59.717281287577315,3.1182145107047763,2.098918906383775,0.6818510338667995,0.7375456669114632
1393.982013842267,19.19427735493878,2.9355189731340903,2.710416070966702,0.9000828535686991,0.6473770945899261
1390.0015965930024,11.712133664298076,3.290439472645871,3.1426095056012757,1.0468194392150052,0.7150962273074876
1414.1055917790384,52.819209946913,3.385605121210007,2.686128010791119,1.0078493073127068,0.7938594619465209
1402.8760825529866,23.37420758906947,3.0602441052661793,3.466726540877216,1.3850740954659422,0.677053324287199
1374.2888324288072,2.074055708320248e-9,3.866260293628893,3.350220444231203,0.9655168666246959,0.8156204123869928
1391.94962155861,23.61958280460887,3.1449199772876,2.7248619524719575,0.8661281486286966,0.7070505810369216
1418.6991300517623,29.827330760186353,4.018021885957915,4.876423016547842,2.1711976451961,0.9209544810317761
1401.9542541611158,22.370201093625084,2.962072359517735,3.321673074725612,1.310159760008821,0.6515061485511832
1376.643126364849,5.873031497559758e-7,4.468403890973469,3.327474726156029,0.7896061502292483,0.9691843681084519
1412.354583470174,48.570467566599035,3.62975201488166,3.0996878130451107,1.2141250706944164,0.8459435543021347
1395.0961046762263,31.615259085518137,3.0220365657407737,2.3595569450472604,0.7026358269576377,0.6914882471447747
1388.3839616129737,12.896010059782126,3.381255548181758,2.941629557844066,0.8969472265139198,0.7454017363997363
1415.765724183687,54.052969897910835,3.562897938624,2.897790431689397,1.14344031713754,0.8353803560483815
1392.7561873691254,25.511146787863293,2.9999901244203384,2.3782843650416283,0.691567855173581,0.6794166360469871
1398.1288892795565,34.53506259025991,3.0252803230130465,2.4050348535516592,0.7498030870082667,0.6941143819027408
1386.5832321686562,6.642954664699901,4.447811218411598,4.188153604954068,1.357775195364032,0.9700471370862414
1386.976486381955,13.20404173227968,3.414315234793161,2.594111179040197,0.6706650036981742,0.7631508409221947
1408.024857299775,31.78058038554727,3.256607104614065,3.304081660130188,1.2906043011742963,0.7366286379080295
1389.9449445509047,16.22360854202611,3.2247265681301216,2.9187515524008534,0.9366714640768654,0.7127306129791305
1365.2684528378893,6.15285793506299e-10,3.3935471829171506,2.4152656558143986,0.5018943696896183,0.7178645307531133
1404.5510279941147,23.41032318905507,3.0667492190676127,3.5831773750595888,1.4628572153756982,0.6787344002532433
1395.639705250162,16.16599617583656,3.0068442238215685,3.4211705975601046,1.3202457664486218,0.6520278565458272
1413.5934004096357,40.567406187934765,3.8665105912726094,3.7196587667621914,1.512455129736151,0.8934099418674647
1400.3824856852832,27.66128303551131,3.016264332532388,2.8660102908888065,1.0238343214788408,0.6765948869692439
1406.5429711487373,37.96742961309894,3.288828289216826,2.955998981213413,1.0887019963114626,0.7547704619705046
1401.0917878718428,32.49948511053617,3.027665353993204,2.6327261682309637,0.8934576921563465,0.6886018068790123
1395.7373087275419,32.40846151742219,3.040956128799613,2.404566899151869,0.7319307340721443,0.6960490866027502
1406.90175140644,40.52350484914633,3.2431234436326783,2.785526823863396,1.0017842642431802,0.7479333469602419
1411.7487739949713,62.49604048052784,3.1976315951312118,2.224749377679779,0.7847025557129864,0.7566044333145295
1391.365222833358,19.499021959790383,3.1618801034745774,2.8821836758035566,0.9440316175498387,0.7029357675267225
1405.5442444302525,47.797219795549935,3.2055443977256832,2.4656791103210574,0.8395788170348291,0.7480044704061756
1420.5604406984703,65.89411236438417,3.3761614808726255,2.476168927372953,0.9880539901506684,0.799158525248859
1374.4797238325561,3.8383255818921075e-6,4.369164778378973,3.3811045558271724,0.8442605853615109,0.9416771604567243
1369.9505377705868,3.264403356731914e-6,3.6397458309688324,2.61645488656426,0.5672331015621255,0.778259421789618
1377.1460003498855,1.2962449459619739e-11,4.937932911100082,3.6267089395278354,0.8444579583515966,1.0781946534300608
1403.374715446792,40.61988938437105,3.103250807454285,2.485401918508551,0.8255934360711845,0.7175338274033192
1370.3819629053598,2.5632718220871056e-6,3.8850551474240542,2.839436424019129,0.6363537978974219,0.8331976399250526
1399.7422450882627,39.39832503430966,3.076238396462618,2.3797223891604014,0.7490048071754876,0.711348069001437
1418.4035433170604,74.06371829643959,3.248058008011529,2.2042579404885037,0.8723841826571941,0.7698945103066032
1410.1531344269642,67.5941694964876,3.158347372879906,2.0882149431226456,0.728787061841356,0.7488203244799939
1418.1035936541437,62.68036918896411,3.2651683875314794,2.3571318206971195,0.8771433136244312,0.7737738298781218
1417.692691446092,74.95893623465317,3.1632443241115817,2.062248382017342,0.7702173778922669,0.7533559636693209
1406.9490365428974,46.029704503512605,3.2070972007938887,2.540521849273983,0.8799834775870958,0.7466191569915064
1416.2922390248725,48.162571537781986,3.5745114264065516,3.075811147467707,1.2068141955858462,0.8339715931604379
1378.562825887495,4.905957391222217e-7,5.2384580405628975,4.159232417084948,1.0922537128653507,1.1380050394311987
1418.539543881518,72.98137725182971,3.3342311308667902,2.351194165667435,0.982825575962692,0.7864070581828728
1399.6411697508506,35.04971564696426,2.8809341069611816,2.1544511356807776,0.6240862763344729,0.664035096672572
1412.3189710219772,54.83470345759813,3.5881966128256013,2.893389313308484,1.144733735121172,0.8397163991540619
1389.2981844702465,11.273473480294038,3.540985791664084,3.6238480080112105,1.2727560245524874,0.7709358932296082
1406.2395615384119,43.921576680054784,2.978705962647876,2.2289668779417573,0.7014283564384416,0.6945799916501741
1405.7601756190156,41.17424966739682,3.2617298029503803,2.764207961077758,0.9861258329865488,0.7531871078556812
1393.453582372557,12.85185473227983,3.158372728439969,3.716289221219155,1.446023929235966,0.6813597554710149
1415.9657494967848,68.58107801483388,3.074182956906296,1.9837874107233027,0.6686364970425155,0.7351082588521004
1392.907130251887,23.57148492777947,3.074352237545911,2.6635966476011177,0.8470128037558498,0.6900996286032522
1392.0861958393964,18.187870185448116,3.039958977706798,2.745352581776253,0.8876279775010502,0.672030211155629
1393.0354167305034,25.256140619934733,2.900888279384352,2.1440809521967514,0.5674652194436163,0.6599089253814918
1413.7869904410873,67.96912040442518,3.1119023987648493,2.0360156139603425,0.6982752359607728,0.7414399019380714
1393.2490661744735,16.77536901920701,3.0047539325197024,2.947113270954355,1.02167718042626,0.6568471390894428
1409.5680190735948,56.994386374845654,3.224834116890744,2.3374948934219497,0.8177006118178357,0.7594307471121716
1398.3223543363206,24.51164658157762,3.014926541840306,2.954842392988856,1.0629428267787284,0.6712032210968678
1371.4632579734202,4.1049656641261364e-11,3.4874809497493344,3.084397989420594,0.9017972655753603,0.725551327965494
1408.5828152098804,55.13613679904957,2.9854334156489815,1.9885973010119724,0.5985958465089,0.7082388543046715
1386.0692749837237,10.235502740563351,3.7241912375612456,2.788039470530694,0.6989072366704718,0.8309806633906595
1404.4101098904714,30.86425284011252,3.289286349756644,3.2954065642238852,1.2632854267443587,0.7440370838561159
1387.1655371953993,12.763925260078018,3.448948033599759,2.740006137334647,0.7510832443900901,0.7672672946877661
1399.4892997816764,29.94415088791233,2.926079709917786,2.494395530719806,0.8134825849143816,0.6627861681370174
1411.57740207923,42.4935873113,3.3644970622651558,2.957718553989584,1.113476938099106,0.7781490511055489
1365.465258702267,4.567337503821466e-12,3.1462537602035012,2.576864851584369,0.67246580926928,0.6495797841812846
1397.033485213209,19.967544110205573,3.0652786191101646,3.3325059723917723,1.267518440517747,0.6740255245773076
1399.0510811090735,35.23138746317129,3.028496559508953,2.4221929823140735,0.765142124925744,0.6952450456197985
1396.648255173932,20.913695871028164,3.0363459542344833,3.144236235339734,1.1591298297466852,0.6695201463929521
1386.045793061098,5.851877630271077,4.7425906438301,4.319225081710161,1.3554512669917662,1.0368398270776087
1416.4336476843298,69.10120608074678,3.10911926704758,2.0340367086698214,0.7059349114801536,0.7422777901890647
1391.2097454362242,22.235546738550692,2.9445339675567044,2.1376089774586737,0.5404944483430867,0.6680480519986361
1403.3161733000582,40.355401565989744,3.0885263699763286,2.4691547957679747,0.8163015910411616,0.7139599643938509
1389.9837883185805,17.88320236252144,3.040904165677551,2.3275666705454676,0.6209406288260135,0.6820716682335091
1388.8259483616168,12.805721212996193,3.28431407174893,2.753905776877538,0.8074636722845632,0.7247554323580053
1417.850243331038,76.82440442234011,3.188486902056407,2.088090806372922,0.8077048744898082,0.7575244424464074
1390.582525926661,23.46924560605368,3.0692682462221628,2.390229443905311,0.6705516314551941,0.6944977433740706
1403.5276537021316,48.18534280251972,3.0987170435135964,2.2543456524874115,0.7156353392745662,0.7253567098511764
1395.8223930284003,27.236021505672102,2.9566870652333215,2.4645552190445117,0.7693669749399529,0.6683196174482906
1388.975049753961,13.79264067383318,3.364087377681466,3.0953811654947945,1.000203801569019,0.7401253013225523
1400.8581247990282,43.160560236120915,3.122980651155335,2.3730640999239387,0.7576664356960927,0.7256806441621039
1387.8301220244473,19.28674331235393,3.215159477664602,2.4501268560670346,0.6518840537749881,0.725141683954
1367.5647869607928,8.733492536339106e-11,3.272805198745818,2.8137509463900963,0.7868456025412245,0.6760124718790221
1420.1256646439745,68.41414711928158,3.2508611181003064,2.2683202749409603,0.8644958724301797,0.7726817219487949
1410.0026566711945,71.70092447542136,3.150473481593133,2.0329191902327453,0.7211319576405594,0.7471164419139088
1393.4385270471164,20.103839593214886,3.1784076795235148,3.1536347251134913,1.1172401588401575,0.7044243315940057
1394.2737612707265,26.549369072124577,3.0813028909543068,2.653620610219588,0.8537220769898659,0.6955656278600538
1413.4933676608011,52.50496136822012,3.225572372702874,2.4717163290073,0.8812155452836336,0.7577371304588104
1416.9818880687592,69.71533764987377,3.197295617903531,2.1620926806565777,0.7993301880331884,0.7600597322325187
1388.6123248460146,15.05545681642312,3.1769960443902026,2.4062899747574256,0.6247665884138334,0.7107402953689151
1399.533707992651,19.81486095654753,2.9796709361457885,3.4321428588423655,1.3583053284117041,0.6520269488514141
1412.0541109259107,45.97858100248662,3.5382506470248334,3.062922185002272,1.1799800909733154,0.8224191417553494
1418.5630197908285,53.354756355135635,3.755946409949434,3.169550575647126,1.302621526898004,0.8807223999202303
1390.0547806645793,18.670410387863416,3.117165929900468,2.579373520011269,0.7606462405095329,0.6962250523293085
1408.8574693237538,68.00203207944348,3.096179401023847,1.9757679903117642,0.6546692732567441,0.7363461381635692
1405.1794445570288,29.98855785276205,3.069893994989301,3.0303177113935313,1.1390638973461105,0.6905409883169911
1404.3296964388896,26.498193410481825,3.09562183897407,3.3129487667408295,1.2967976564643877,0.6903035989946229
1401.6013248160623,39.84223456567339,3.0438185618851077,2.3634955772821304,0.7502730237853608,0.7042127680557887
1393.6080300195536,23.206636878610826,2.913118729857964,2.3499037721344855,0.6894807182186578,0.655290230445524
1413.053976108785,78.53382646588301,3.176928800264534,2.0403474740863063,0.7879694665959658,0.7514762957436925
1421.3946084844142,65.79345727617785,3.5134501418944972,2.6794283904103717,1.1424535083117073,0.8285030670970831
1412.7795446042876,69.22596990184088,3.2314724453183485,2.1977633600133077,0.8197346568303366,0.7644270942763158
1387.4855058477613,11.49823650738208,3.6225054203015596,3.281935762201016,1.0368223413395175,0.7967284659103036
1381.811509131374,6.658081976441792e-8,5.470363770129966,4.8984346043199745,1.4925198894279992,1.1739407980935785
1365.6828789070682,2.874154838715566e-9,3.3664746602744344,2.6253002675132344,0.6395839851670757,0.7041104511058836
1412.7953388249753,66.58406165573736,3.063664588715149,1.971046760008436,0.6461733870127945,0.7312659070010484
1414.2559185768475,58.495859656020436,3.1832729503175607,2.289635455957671,0.8039370703051144,0.7528877180827946
1385.9973061266471,10.989340918014438,3.674124739716274,2.7774798159402496,0.7073662748731591,0.8201381356458912
1418.0909297775972,51.69622105017681,3.604687622473166,3.0213701186958652,1.2003960068138764,0.8445605717781763
1409.5378299439678,61.022199276272076,3.1262476663806877,2.121900626029609,0.7077586446963634,0.7406290877024418
1391.8893597380643,23.668241487476408,3.007221869586583,2.3762643965207766,0.6805296670720483,0.6792639265804671
1407.064392399986,51.23156971418395,2.9580933047770257,2.0034134247330466,0.5914085779094729,0.6991157640790311
1387.6364077460914,13.866580301306113,3.3232200388289366,2.5582058143603685,0.6755717904442609,0.7419863781190115
1374.3641672672006,2.028127714083722e-9,3.830844049508462,3.3998410236437935,1.0060788636122453,0.8054192729291311
1414.765748316312,72.32914099293549,3.27746637062972,2.2503368548612164,0.8913216940657676,0.7735794725720244
1417.458022299851,78.9577488510034,3.1924674812389537,2.080089907014039,0.8236060566624036,0.7569150129442244
1413.7225650553714,33.797120967341634,3.577533273308106,3.767059699321603,1.5498029618195575,0.8152637776302025
1401.367588767452,38.0606944881951,3.2637941650786337,2.7847464604701964,0.9718724804366698,0.7504236077743484
1392.3425561329457,24.675757233306832,3.06250422942854,2.5270419867061635,0.766474242962217,0.6911234831395262
1395.850431326802,31.359522066043436,3.106740902827696,2.5845538779191086,0.8282560322961016,0.7082056139689982
1395.5765423181028,31.797296154380223,2.9652978183884176,2.255949174364436,0.650756995516901,0.6797061741852919
1394.5481793396286,25.99839241085644,2.920606260844676,2.3295776424030983,0.685351672929617,0.6608697922100347
1397.2738478479052,28.968631727594904,2.921960465563504,2.3999794426618117,0.7456815992556035,0.6627370793879458
1402.5600490316135,34.748203533286855,2.991766805732995,2.512898070768873,0.8366020191385682,0.6840015129554243
1420.9655305053418,40.27569273587637,4.28096836160284,4.316728646465967,1.8390833775648487,0.9923173462802868
1409.4218168804118,54.062733635683756,3.130897685071123,2.255600104425641,0.753696813964517,0.7375713581840606
1411.6014653703198,73.50351370957692,3.041454049008399,1.8474326968559291,0.6029269468055998,0.7280079394428545
1389.4929478634224,15.100801681369681,3.1766813532246356,2.6743203939244538,0.7934493997056837,0.7035046515040072
1385.387932422984,9.928871542789068,3.8908555500710658,3.0145796719902624,0.791555849613402,0.8665449983254708
1415.7664658924384,25.05215798101241,3.360149535799021,4.4315442495056026,1.9895294885907728,0.7627505272234608
1422.4878630651642,73.18293815523512,3.3852978444894797,2.456514500516636,1.0849159596743279,0.7980599209466124
1397.9032856548984,33.93376591299527,3.056393514677057,2.4795178154743738,0.7879913685844817,0.6999214732151686
1419.1327261771291,60.536867724689166,3.463990651274559,2.663200112032713,1.0594089644878169,0.8170819113193062
1402.4282350841556,38.886128312966406,3.011202812247369,2.3654994845131574,0.7549644791781713,0.6954194844159972
1407.2914955466686,59.70509859662278,3.072637551684353,2.0351688834111124,0.6436565202247183,0.7286063918653748
1397.497056211515,1.9097836210644115e-8,0.7381452753161405,0.8932232175523266,0.349634297946499,0.16153222852297336
1393.6496043055224,25.719425044720136,2.9101511482989255,2.2218675447221496,0.6169626414348514,0.6606413326332231
1375.1985863819925,5.540659806933974e-9,3.947690609045323,3.4057720952399158,0.9793031325926909,0.8349331559495115
1392.1690709874533,17.932599897110496,3.054189759699652,2.8122890639183886,0.925221320594639,0.6739706418919524
1409.2010034901377,61.91084943887379,3.114579479998207,2.0871740511692725,0.6905184701509406,0.7385089870313476
1412.5572816821084,78.40937576690798,3.0499708916392168,1.8249035005243297,0.618481830302071,0.7298824614767971
1404.3280840524887,32.49217473109331,3.347499234171845,3.2761798014526,1.2471547374000507,0.7604943779301784
1413.3287300964928,67.92747592026271,3.224979698337099,2.2046982912927753,0.8134304453670717,0.7635809484201053
1415.5205830125049,60.146423035837465,3.449181405153854,2.6339578358996603,1.0346243207822432,0.8116643381253312
1399.3408909480713,28.194374120945636,3.1062369378100616,2.9389561410609932,1.0491718154503833,0.6991191036690763
1377.1718385450597,1.6582160085283149e-9,5.033131993953331,4.009508391872401,1.0529043363984456,1.091292290886895
1391.9638455066795,21.16672485200141,3.1582016521914844,2.87160791507156,0.9457725192884001,0.7046784338620067
1378.7452511644524,3.224755527363784e-7,4.5146284820427605,3.8543163506313967,1.1066442855730612,0.9652787210383922
1413.3140854121616,53.96344223482327,3.5874506203279197,2.916445330791013,1.1513472655872006,0.8397536107135687
1365.2418146629682,2.561093977574737e-6,3.1510446815669266,2.4283087153624314,0.5791227271188865,0.6558942888568998
1376.1240602684404,1.3333168787895203e-10,3.793163073772331,3.662623630559996,1.1824899874077905,0.7901476817215702
1400.7624449811663,37.8911943362061,3.2087265616232945,2.6877338192887157,0.917375763633601,0.7379618504359043
1408.6778330613367,48.289257773629394,3.4125609563210695,2.787646784413811,1.0302210226007265,0.7950496848585974
1400.1333624123824,37.177730257503676,2.8770666359684927,2.0816589175390376,0.5867574704891364,0.6667167602330558
1395.88871878724,19.406970191147447,3.083334268342261,3.295173936411454,1.2341429246298217,0.6778860875321315
1403.9522823450054,51.6435779344899,3.0941737645616847,2.1748363451950388,0.6838474805181032,0.7273928909627693
1393.1041452132142,23.328226349055484,3.0726292806651903,2.692297243725189,0.8651201344462185,0.6888109831148854
1420.7773910606259,65.73801285578752,3.3685380822364026,2.4680777665811258,0.9805689680308508,0.797699750603795
1408.6267293306921,50.204642840717575,3.0610568370009084,2.2271635346766168,0.721355129310401,0.7192675406590253
1398.8087504422238,34.996044580866595,2.8388678502001237,2.015108290472063,0.5418068913642179,0.656981016001682
1387.9899612567026,16.668311005991637,3.329171448727929,2.798568038144439,0.8313666618185442,0.7425419765110634
1422.1249127567737,75.36417563598152,3.3530088468314383,2.412544643160726,1.0928311267188464,0.7885765103242317
1398.5330260728128,30.30620369054311,2.993728966067772,2.5588139465239133,0.8386377611726697,0.6790950903134705
1400.724785755459,34.75909679233335,3.1517340511710774,2.724952152776161,0.9362314843748222,0.7204914942936917
1421.5716972450625,60.457847098905695,3.5929736540868684,2.8430966352664546,1.1806116499428525,0.8472119911411923
1395.1399228946386,19.242669407472338,3.0980423517593816,3.2517114704540586,1.200491998800797,0.6816396751133879
1393.554172696236,23.56229956853121,3.0848883232301376,2.753221924885745,0.9024789614650783,0.6911416239861995
1387.2716256808487,7.032088108411227,4.138737571152987,3.7644727039823067,1.184786224141912,0.9014694962217
1406.595832644535,31.839320695700625,3.1645628968481816,3.1105625075959438,1.1820829717395913,0.7155533581166134
1407.2123314655134,65.41283595066515,3.12344348490902,2.036561220836017,0.6771637544681366,0.7405158490672191
1414.889574332972,66.09635372969983,3.380457879862006,2.459811789378879,0.978939655572968,0.7962221422194219
1423.4983971841673,66.15405363187055,3.571492684856108,2.794863733576022,1.2596230226155891,0.8410426826311517
1414.5045616693012,22.79752073737152,3.0955223605836184,4.269060619922261,1.9287606274010431,0.6994354202424582
1376.407814176091,4.055413605841621e-11,4.1111619284226855,3.3942468514801933,0.9298405391452348,0.8767537735019482
1412.94178752877,72.64021550544706,3.2070267762156113,2.129559593574224,0.8007855872760447,0.7591357276393926
1407.9018650549249,40.358537164726016,3.6032194178047257,3.3090853544736345,1.278981333680259,0.8309736964720744
1390.3226642478066,11.072553802462412,3.4182962299135586,3.6154870229330154,1.3027165342566585,0.7395134983911561
1427.4156502787619,27.00575152947588,3.49015972495599,4.714092797182234,2.2214610415554663,0.8121976372813334
1399.6058400828567,37.442975452248476,2.9597343039404835,2.224151819470223,0.6620232765708794,0.6841108091989676
1372.9845735503843,5.197774255005349e-8,4.391661644519925,3.2876000761131237,0.7765140323452628,0.9492379996554074
1368.74171134016,1.457880613744099e-7,3.5631578195106153,3.0636828263616365,0.8601711538995801,0.7434776963298921
1403.6484907139302,37.127232849729886,3.2547539172635034,2.8719551598724364,1.029687555722428,0.7464043165684482
1413.7795906684223,50.85151156777561,3.463619542997696,2.8354501612446663,1.0817809852210563,0.8099993542675699
1388.3228249641138,17.107869608930873,3.2555588560172444,2.6574483891678256,0.7649732204513345,0.7274941788012514
1409.6883302803801,35.90997508944369,3.450121912511767,3.363356319962427,1.31636530816129,0.7887020478073254
1400.099209856946,37.37451811247804,2.885470783933764,2.0910974912141977,0.5918074263983398,0.6687332913445448
1398.1285264751884,36.860045744372314,2.9502370042017927,2.1641640307496903,0.6201212580716059,0.6824983564435548
1393.6735717909805,15.909407847721882,3.0886537257347193,3.30567384127176,1.2211619528862727,0.6724362704571853
1413.6150218967055,56.96316006262495,3.6171955893311094,2.9002595153552027,1.1735958370519541,0.8473070031229487
1398.537069373234,36.34512252982652,2.893263511364026,2.0764899705336752,0.5741478182263664,0.6700613313355929
1388.0263467199256,11.734582261596149,3.572421642642117,3.3333292320272823,1.0837750687535332,0.7838547445653581
1402.6913354362032,32.99452264779654,3.2187788028059203,2.9924015049268027,1.0902252448273002,0.7318919484349342
1419.0708291543883,46.44015726439269,4.2670805088250905,3.98566672368603,1.6952479171299135,0.9961482377959354
1405.1364362287864,49.394403104056465,3.0032527316022186,2.0928892294457078,0.6323191432990412,0.7065626626863037
1407.938692397972,27.718619919019776,3.102264257485904,3.380985362314573,1.3548326792592462,0.6928646255745903
1402.597853991828,48.99830561265312,3.1283256233303574,2.2663180473265876,0.7224236906027609,0.7323730183532884
1395.2749937353333,24.88065577098344,3.144954375165907,2.9529744567692644,1.0237597371723215,0.7050075760438838
1403.178779904403,37.55717433665151,3.3272710572029625,2.949533353318372,1.0673574840182651,0.7637808191250434
1377.6299886306474,7.476157940470999e-10,4.882334268745446,4.077870730074925,1.1379518376841076,1.051995951526881
1398.1939144712753,35.52137985306574,3.086168100422855,2.4834903205172694,0.7922699488759949,0.708687692585164
1413.1174622245699,47.02778010995705,3.3028772069833177,2.7291050431524764,1.005011890928106,0.7696861548905997
1420.8185326126927,46.325544986376265,4.488557658138323,4.255770257113459,1.8427271947847288,1.0494117389673545
1418.4868667399674,70.2312902448677,3.314430130126327,2.3366378305777555,0.9335256041760556,0.7841658758060146
1393.74291204042,17.284530964510513,3.086192788588322,3.196305288230168,1.158379261985622,0.6755282022373217
1404.2587192103626,47.185111501728755,3.035643319479561,2.1884026429650603,0.6778281891040986,0.7110165994029856
1414.538732086072,68.9778076078253,3.0609425618886554,1.9486694695551359,0.6464951263099592,0.7320729899647842
1374.6712200707095,1.7943719370468658e-8,3.6560576487998357,3.254783554347421,0.9673178502917459,0.7650585417343575
1400.1241014582997,35.76715688910302,3.0090186715995033,2.4062100271087723,0.7634107790676161,0.6912227441486279
1418.7779883281473,71.57727690649823,3.1351981541899314,2.0571740477594407,0.7399836040740668,0.7488289685505459
1397.490983799259,21.546969895157538,3.116273492297048,3.3320404180727343,1.2621576821449076,0.6893185036103823
1409.6738331005122,51.343254520999785,3.3394140804523946,2.6194773262238056,0.9527522631339194,0.7811601903012007
1372.4319547906653,9.582645529133352e-12,3.5087377903508505,3.1021683595547374,0.9092740802626725,0.730984010089049
1370.6417028845453,2.3800717252912482e-7,3.6373343887944865,2.669757832552487,0.6023886625791776,0.7764224429037188
1387.8437549512287,8.003654750942419,3.961756119172034,3.8616719814524028,1.2951298061003684,0.8600853617615724
1395.6423556484322,34.404823170152774,3.0420737938889517,2.3272428772960754,0.6906341597027447,0.6996089242968432
1392.9191276967701,23.41896535524854,3.054826030113413,2.6263944335724143,0.8278566408385819,0.6856374830402535
1368.9210604861573,7.803928747814569e-8,3.4070393190190624,3.1978118285362527,0.9869596214330069,0.7007011408424085
1416.7554307181365,73.77788824953599,3.229667870160906,2.171809857399235,0.8439624493731925,0.7654564982152617
1396.6609929931324,31.661806445063778,2.887999869965096,2.148645340644985,0.6010855562062007,0.6627752130913227
1399.3910177444877,33.53309948034603,3.1077352863862107,2.6546453251055278,0.8911648793718301,0.7093923148161797
1403.4943244120843,31.74786982415628,3.429866799112582,3.4177677690917485,1.3140315967657932,0.7791158065534411
1394.9257296276087,23.078254249722114,2.9877618096402565,2.69793309434199,0.8932078938800716,0.6665952535272367
1398.5521590281253,33.34844128521706,2.9525149422804797,2.328732992028357,0.7122444835083741,0.6763922266511764
1397.330076259211,34.08408026623157,2.939131944701159,2.2063175845215692,0.6369794587790665,0.676396649547721
1391.8298554868834,27.641545750638063,3.0312362568480578,2.288220003474635,0.6328291326168245,0.6915807528820513
1406.1349203467107,56.20844770589686,3.1511999835669067,2.206038613067222,0.7279948755487778,0.7425588179665994
1392.3702931799737,15.250287681386013,3.2137419293087284,3.4160215228352597,1.2510723618906545,0.7017986804103403
1402.4190248423272,37.3406022127974,3.2185280684397855,2.772971001744941,0.9711594149231925,0.7388453131798183
1412.920518649187,72.75497367928436,3.1046345904913357,1.9668273621198478,0.682417149710432,0.7400708738336487
1423.1444881362036,65.20805091146921,3.4458829446453874,2.5883742755382126,1.0613186416768956,0.815806454211604
1406.4179695033342,45.97710070070389,3.0607463076098322,2.3063419719868876,0.7484306492773098,0.7146412815812762
1418.2768306649104,76.86841908663101,3.182598586109259,2.0798502911814465,0.8013501875610383,0.7567358912321839
1409.5864894386912,55.87726038650127,3.396068256775205,2.5983616430578507,0.9693651044267898,0.7960508009431507
1386.3896195634059,10.509885130767978,3.6751609215288217,2.83662422715524,0.7433785319184318,0.8176971444572612
1392.1640892588568,15.302134767563958,3.249952970376457,3.4584199535557407,1.2673655456296076,0.7108127735783675
1397.759517568984,29.244936624271233,2.9297049367993777,2.4349642874264963,0.7682746454756356,0.664230060875614
1408.6934221234758,36.91190726135643,3.2264324366179045,2.9653675862400615,1.1058035021399202,0.7382329748699132
1423.1238365059362,68.38883002077502,3.50802524608148,2.6902676318133936,1.216668359012094,0.8257169838485847
1400.0451003202506,24.451435787126034,2.931127373161913,2.918756393322835,1.0646511767810258,0.6500894778318496
